<?xml version="1.0" encoding="UTF-8"?><metadata>
    <idinfo>
        <descript>
            <abstract>On December 6, 2022, the Los Angeles County Board of
Supervisors (BOS) adopted the 2022 Countywide Parks Needs Assessment Plus
(PNA+) Final Report. Consistent with this Board action, DPR is making GIS data
from the PNA+ available to the public here. Composite layers include:Regional Study AreasRural Study AreasRegional Site InventoryLocal ParksBeachesCountywide TrailsTrailheads and Access PointsPriority Areas for Increasing Access to Regional RecreationPriority Areas for Increasing Access to Rural RecreationPriority Area for Environmental RestorationEnvironmental BenefitsEnvironmental BurdensComposite Population VulnerabilityNote that all data sources in the web map are courtesy of the
Los Angeles County Department of Parks and Recreation (DPR). If you'd like to learn more about the
data and analysis used in the PNA+,
visit https://lacountyparkneeds.org/pnaplus-report/. 





























DISCLAIMER: The data herein
is for informational purposes, and may not have been prepared for or be
suitable for legal, engineering, or surveying intents. The County of Los
Angeles reserves the right to change, restrict, or discontinue access at any
time. All users of the maps and data presented on https://lacounty.maps.arcgis.com or deriving from any LA County REST URLs agree
to the &amp;quot;Terms of Use&amp;quot; outlined on the County of LA Enterprise GIS
(eGIS) Hub (https://egis-lacounty.hub.arcgis.com/pages/terms-of-use).</abstract>
            <purpose>Park Needs Assessment Plus - GIS Layers</purpose>
        </descript>
        <keywords>
            <theme>
                <themekt>None</themekt>
                <themekey>pna</themekey>
                <themekey>parks</themekey>
                <themekey>drp</themekey>
                <themekey>parks needs assessment</themekey>
                <themekey>pna+</themekey>
            </theme>
        </keywords>
        <accconst>None</accconst>
        <useconst/>
        <datacred/>
    </idinfo>
    <metainfo>
        <metstdn>FGDC Content Standard for Digital Geospatial Metadata</metstdn>
        <metstdv>FGDC-STD-001-1998</metstdv>
        <mettc>local time</mettc>
    </metainfo>
</metadata>
